Sales Order Number,Item Number,Sales Order Type,Sales Order Type Description,Sales Organization,Sales Region,Sales Group,Distribution Channel,DIG New,Sold-To Party Code,Sold To Party Name,Ship-To State,Brand Name,Material Description,Plant Code,Plant Name,Incoterms,Customer Service Rep,Customer Reference Date,Order Max Confirm Date,Delivery Created on Date,Schedule Ship Date,Latest Estimated Delivery to Customer,Goods Issue Date,Reference Date,Order Quantity,Order Points,Delivered Quantity,Total Cases,Total Points,Return Points,Return Cases,Status,Kpi Month Flag,Kpi Qtr Flag
454127,000010,ZWSO,W&S Sales Order,1016,CONTROL - NE,CONTROL,10,INDEPENDENT,2224060,CENTRAL DIST CO - ME,ME,RUFFINO,FERT,US59,CBUSO LODI DISTRIBUTION CENTER,PPL,MARK SCHREINER,2025-09-24 00:00:00,,2025-09-22 00:00:00,,,,2025-09-24 00:00:00,55,440,55,55,440,0,0,At warehouse,AT WHSE Still Expected to Schedule/Ship,AT WHSE Still Expected to Schedule/Ship
454127,000020,ZWSO,W&S Sales Order,1016,CONTROL - NE,CONTROL,10,INDEPENDENT,2224060,CENTRAL DIST CO - ME,ME,RUFFINO,FERT,US59,CBUSO LODI DISTRIBUTION CENTER,PPL,MARK SCHREINER,2025-09-24 00:00:00,,2025-09-22 00:00:00,,,,2025-09-24 00:00:00,11,88,11,11,88,0,0,At warehouse,AT WHSE Still Expected to Schedule/Ship,AT WHSE Still Expected to Schedule/Ship
454148,000010,ZWSO,W&S Sales Order,1016,CONTROL - NE,CONTROL,10,INDEPENDENT,2224060,CENTRAL DIST CO - ME,ME,RUFFINO,FERT,US59,CBUSO LODI DISTRIBUTION CENTER,PPL,MARK SCHREINER,2025-09-24 00:00:00,,2025-09-22 00:00:00,,,,2025-09-24 00:00:00,14,140,14,14,140,0,0,At warehouse,AT WHSE Still Expected to Schedule/Ship,AT WHSE Still Expected to Schedule/Ship
454148,000020,ZWSO,W&S Sales Order,1016,CONTROL - NE,CONTROL,10,INDEPENDENT,2224060,CENTRAL DIST CO - ME,ME,RUFFINO,FERT,US59,CBUSO LODI DISTRIBUTION CENTER,PPL,MARK SCHREINER,2025-09-24 00:00:00,,2025-09-22 00:00:00,,,,2025-09-24 00:00:00,42,1302,42,42,1302,0,0,At warehouse,AT WHSE Still Expected to Schedule/Ship,AT WHSE Still Expected to Schedule/Ship
454148,000030,ZWSO,W&S Sales Order,1016,CONTROL - NE,CONTROL,10,INDEPENDENT,2224060,CENTRAL DIST CO - ME,ME,RUFFINO,FERT,US59,CBUSO LODI DISTRIBUTION CENTER,PPL,MARK SCHREINER,2025-09-24 00:00:00,,2025-09-22 00:00:00,,,,2025-09-24 00:00:00,42,420,42,42,420,0,0,At warehouse,AT WHSE Still Expected to Schedule/Ship,AT WHSE Still Expected to Schedule/Ship
454148,000040,ZWSO,W&S Sales Order,1016,CONTROL - NE,CONTROL,10,INDEPENDENT,2224060,CENTRAL DIST CO - ME,ME,RUFFINO,FERT,US59,CBUSO LODI DISTRIBUTION CENTER,PPL,MARK SCHREINER,2025-09-24 00:00:00,,2025-09-22 00:00:00,,,,2025-09-24 00:00:00,56,560,56,56,560,0,0,At warehouse,AT WHSE Still Expected to Schedule/Ship,AT WHSE Still Expected to Schedule/Ship
454148,000090,ZWSO,W&S Sales Order,1016,CONTROL - NE,CONTROL,10,INDEPENDENT,2224060,CENTRAL DIST CO - ME,ME,SEA SMOKE,FERT,US59,CBUSO LODI DISTRIBUTION CENTER,PPL,MARK SCHREINER,2025-09-24 00:00:00,,2025-09-22 00:00:00,,,,2025-09-24 00:00:00,16,840,16,16,840,0,0,At warehouse,AT WHSE Still Expected to Schedule/Ship,AT WHSE Still Expected to Schedule/Ship
454148,000100,ZWSO,W&S Sales Order,1016,CONTROL - NE,CONTROL,10,INDEPENDENT,2224060,CENTRAL DIST CO - ME,ME,SEA SMOKE,FERT,US59,CBUSO LODI DISTRIBUTION CENTER,PPL,MARK SCHREINER,2025-09-24 00:00:00,,2025-09-22 00:00:00,,,,2025-09-24 00:00:00,4,420,4,4,420,0,0,At warehouse,AT WHSE Still Expected to Schedule/Ship,AT WHSE Still Expected to Schedule/Ship
454148,000110,ZWSO,W&S Sales Order,1016,CONTROL - NE,CONTROL,10,INDEPENDENT,2224060,CENTRAL DIST CO - ME,ME,SEA SMOKE,FERT,US59,CBUSO LODI DISTRIBUTION CENTER,PPL,MARK SCHREINER,2025-09-24 00:00:00,,2025-09-22 00:00:00,,,,2025-09-24 00:00:00,16,840,16,16,840,0,0,At warehouse,AT WHSE Still Expected to Schedule/Ship,AT WHSE Still Expected to Schedule/Ship
454148,000120,ZWSO,W&S Sales Order,1016,CONTROL - NE,CONTROL,10,INDEPENDENT,2224060,CENTRAL DIST CO - ME,ME,SEA SMOKE,FERT,US59,CBUSO LODI DISTRIBUTION CENTER,PPL,MARK SCHREINER,2025-09-24 00:00:00,,2025-09-22 00:00:00,,,,2025-09-24 00:00:00,32,1680,32,32,1680,0,0,At warehouse,AT WHSE Still Expected to Schedule/Ship,AT WHSE Still Expected to Schedule/Ship
454148,000130,ZWSO,W&S Sales Order,1016,CONTROL - NE,CONTROL,10,INDEPENDENT,2224060,CENTRAL DIST CO - ME,ME,SEA SMOKE,FERT,US59,CBUSO LODI DISTRIBUTION CENTER,PPL,MARK SCHREINER,2025-09-24 00:00:00,,2025-09-22 00:00:00,,,,2025-09-24 00:00:00,8,420,8,8,420,0,0,At warehouse,AT WHSE Still Expected to Schedule/Ship,AT WHSE Still Expected to Schedule/Ship
454633,000010,ZWSO,W&S Sales Order,1016,CONTROL - NE,CONTROL,10,INDEPENDENT,2224057,PINE STATE TRADING - ME (GARDINER),ME,KIM CRAWFORD,FERT,US59,CBUSO LODI DISTRIBUTION CENTER,PPL,MARK SCHREINER,2025-09-26 00:00:00,,2025-09-22 00:00:00,,,,2025-09-26 00:00:00,130,2600,130,130,2600,0,0,At warehouse,AT WHSE Still Expected to Schedule/Ship,AT WHSE Still Expected to Schedule/Ship
454635,000010,ZWSO,W&S Sales Order,1016,CONTROL - NE,CONTROL,10,INDEPENDENT,2224057,PINE STATE TRADING - ME (GARDINER),ME,KIM CRAWFORD,FERT,US59,CBUSO LODI DISTRIBUTION CENTER,PPL,MARK SCHREINER,2025-09-26 00:00:00,,2025-09-22 00:00:00,,,,2025-09-26 00:00:00,88,1496,88,88,1496,0,0,At warehouse,AT WHSE Still Expected to Schedule/Ship,AT WHSE Still Expected to Schedule/Ship
454636,000010,ZWSO,W&S Sales Order,1016,CONTROL - NE,CONTROL,10,INDEPENDENT,2224057,PINE STATE TRADING - ME (GARDINER),ME,KIM CRAWFORD,FERT,US59,CBUSO LODI DISTRIBUTION CENTER,PPL,MARK SCHREINER,2025-09-26 00:00:00,,2025-09-22 00:00:00,,,,2025-09-26 00:00:00,1008,17136,1008,1008,17136,0,0,At warehouse,AT WHSE Still Expected to Schedule/Ship,AT WHSE Still Expected to Schedule/Ship
454636,000020,ZWSO,W&S Sales Order,1016,CONTROL - NE,CONTROL,10,INDEPENDENT,2224057,PINE STATE TRADING - ME (GARDINER),ME,KIM CRAWFORD,FERT,US59,CBUSO LODI DISTRIBUTION CENTER,PPL,MARK SCHREINER,2025-09-26 00:00:00,,2025-09-22 00:00:00,,,,2025-09-26 00:00:00,56,952,56,56,952,0,0,At warehouse,AT WHSE Still Expected to Schedule/Ship,AT WHSE Still Expected to Schedule/Ship
454164,000010,ZWSO,W&S Sales Order,1016,CONTROL WEST,CONTROL,10,INDEPENDENT,2223791,GOLDEN EAGLE DIST - ID,ID,KIM CRAWFORD,FERT,US59,CBUSO LODI DISTRIBUTION CENTER,FOB,CHERI MCCAULEY,2025-09-24 00:00:00,,2025-09-10 00:00:00,,,,2025-09-24 00:00:00,70,1190,70,70,1190,0,0,At warehouse,AT WHSE Still Expected to Schedule/Ship,AT WHSE Still Expected to Schedule/Ship
454164,000020,ZWSO,W&S Sales Order,1016,CONTROL WEST,CONTROL,10,INDEPENDENT,2223791,GOLDEN EAGLE DIST - ID,ID,RUFFINO,FERT,US59,CBUSO LODI DISTRIBUTION CENTER,FOB,CHERI MCCAULEY,2025-09-24 00:00:00,,2025-09-10 00:00:00,,,,2025-09-24 00:00:00,14,140,14,14,140,0,0,At warehouse,AT WHSE Still Expected to Schedule/Ship,AT WHSE Still Expected to Schedule/Ship
454164,000070,ZWSO,W&S Sales Order,1016,CONTROL WEST,CONTROL,10,INDEPENDENT,2223791,GOLDEN EAGLE DIST - ID,ID,RUFFINO,FERT,US59,CBUSO LODI DISTRIBUTION CENTER,FOB,CHERI MCCAULEY,2025-09-24 00:00:00,,2025-09-10 00:00:00,,,,2025-09-24 00:00:00,13,104,13,13,104,0,0,At warehouse,AT WHSE Still Expected to Schedule/Ship,AT WHSE Still Expected to Schedule/Ship
453990,000010,ZWSO,W&S Sales Order,1016,CONTROL WEST,CONTROL,10,BAILMENT,2224499,UTAH LIQ CONTROL COMMISSION - UT,UT,LINGUA FRANCA,FERT,US59,CBUSO LODI DISTRIBUTION CENTER,PP,JENNIFER HEBDING,2025-09-30 00:00:00,,2025-09-10 00:00:00,,,,2025-09-30 00:00:00,1,35.5,1,1,35.5,0,0,At warehouse,AT WHSE Still Expected to Schedule/Ship,AT WHSE Still Expected to Schedule/Ship
454357,000010,ZWSO,W&S Sales Order,1016,CONTROL WEST,CONTROL,10,BAILMENT,2223941,WYOMING LIQ COMMISSION - WY,WY,AUSTIN COCKTAILS,FERT,US59,CBUSO LODI DISTRIBUTION CENTER,FOB,KIM NOBLE,2025-09-24 00:00:00,,2025-09-17 00:00:00,,,,2025-09-24 00:00:00,2,5.333336,2,2,5.333336,0,0,At warehouse,AT WHSE Still Expected to Schedule/Ship,AT WHSE Still Expected to Schedule/Ship
455333,000010,ZWSO,W&S Sales Order,1016,CONTROL WEST,CONTROL,10,BAILMENT,2223941,WYOMING LIQ COMMISSION - WY,WY,KIM CRAWFORD,FERT,US59,CBUSO LODI DISTRIBUTION CENTER,FOB,KIM NOBLE,2025-09-26 00:00:00,,2025-09-17 00:00:00,,,,2025-09-26 00:00:00,2,17,2,2,17,0,0,At warehouse,AT WHSE Still Expected to Schedule/Ship,AT WHSE Still Expected to Schedule/Ship
454359,000010,ZWSO,W&S Sales Order,1016,CONTROL WEST,CONTROL,10,BAILMENT,2223941,WYOMING LIQ COMMISSION - WY,WY,MI CAMPO,FERT,US59,CBUSO LODI DISTRIBUTION CENTER,FOB,KIM NOBLE,2025-09-25 00:00:00,,2025-09-17 00:00:00,,,,2025-09-25 00:00:00,2,20.999988,2,2,20.999988,0,0,At warehouse,AT WHSE Still Expected to Schedule/Ship,AT WHSE Still Expected to Schedule/Ship
452196,000010,ZWSO,W&S Sales Order,1016,CONTROL WEST,CONTROL,10,BAILMENT,2223941,WYOMING LIQ COMMISSION - WY,WY,MOUNT VEEDER,FERT,US59,CBUSO LODI DISTRIBUTION CENTER,FOB,KIM NOBLE,2025-09-11 00:00:00,,2025-09-18 00:00:00,,,,2025-09-11 00:00:00,1,29.5,1,1,29.5,0,0,At warehouse,AT WHSE Still Expected to Schedule/Ship,AT WHSE Still Expected to Schedule/Ship
455510,000130,ZWSO,W&S Sales Order,1016,INDEPENDENT - MIDATL,INDEPENDENT,10,INDEPENDENT,2223674,REPUBLIC NDC LLC - VA (ASHLAND),VA,HARVEY & HARRIET,FERT,US59,CBUSO LODI DISTRIBUTION CENTER,PP,TAYLOR CARTER,2025-09-29 00:00:00,2025-09-25 00:00:00,,,,,2025-09-29 00:00:00,112,1792,0,112,1792,0,0,In CRC,In CRC- Expected to Advance/Ship,In CRC- Expected to Advance/Ship
455510,000100,ZWSO,W&S Sales Order,1016,INDEPENDENT - MIDATL,INDEPENDENT,10,INDEPENDENT,2223674,REPUBLIC NDC LLC - VA (ASHLAND),VA,HAYMAN & HILL PL,FERT,US59,CBUSO LODI DISTRIBUTION CENTER,PP,TAYLOR CARTER,2025-09-29 00:00:00,2025-09-25 00:00:00,,,,,2025-09-29 00:00:00,42,42,0,42,42,0,0,In CRC,In CRC- Expected to Advance/Ship,In CRC- Expected to Advance/Ship
455510,000110,ZWSO,W&S Sales Order,1016,INDEPENDENT - MIDATL,INDEPENDENT,10,INDEPENDENT,2223674,REPUBLIC NDC LLC - VA (ASHLAND),VA,HAYMAN & HILL PL,FERT,US59,CBUSO LODI DISTRIBUTION CENTER,PP,TAYLOR CARTER,2025-09-29 00:00:00,2025-09-25 00:00:00,,,,,2025-09-29 00:00:00,28,28,0,28,28,0,0,In CRC,In CRC- Expected to Advance/Ship,In CRC- Expected to Advance/Ship
455510,000040,ZWSO,W&S Sales Order,1016,INDEPENDENT - MIDATL,INDEPENDENT,10,INDEPENDENT,2223674,REPUBLIC NDC LLC - VA (ASHLAND),VA,KIM CRAWFORD,FERT,US59,CBUSO LODI DISTRIBUTION CENTER,PP,TAYLOR CARTER,2025-09-29 00:00:00,2025-09-25 00:00:00,,,,,2025-09-29 00:00:00,440,7480,0,440,7480,0,0,In CRC,In CRC- Expected to Advance/Ship,In CRC- Expected to Advance/Ship
455510,000060,ZWSO,W&S Sales Order,1016,INDEPENDENT - MIDATL,INDEPENDENT,10,INDEPENDENT,2223674,REPUBLIC NDC LLC - VA (ASHLAND),VA,KIM CRAWFORD,FERT,US59,CBUSO LODI DISTRIBUTION CENTER,PP,TAYLOR CARTER,2025-09-29 00:00:00,2025-09-25 00:00:00,,,,,2025-09-29 00:00:00,168,2856,0,168,2856,0,0,In CRC,In CRC- Expected to Advance/Ship,In CRC- Expected to Advance/Ship
455510,000070,ZWSO,W&S Sales Order,1016,INDEPENDENT - MIDATL,INDEPENDENT,10,INDEPENDENT,2223674,REPUBLIC NDC LLC - VA (ASHLAND),VA,KIM CRAWFORD,FERT,US59,CBUSO LODI DISTRIBUTION CENTER,PP,TAYLOR CARTER,2025-09-29 00:00:00,2025-09-25 00:00:00,,,,,2025-09-29 00:00:00,50,1000,0,50,1000,0,0,In CRC,In CRC- Expected to Advance/Ship,In CRC- Expected to Advance/Ship
455510,000090,ZWSO,W&S Sales Order,1016,INDEPENDENT - MIDATL,INDEPENDENT,10,INDEPENDENT,2223674,REPUBLIC NDC LLC - VA (ASHLAND),VA,KIM CRAWFORD,FERT,US59,CBUSO LODI DISTRIBUTION CENTER,PP,TAYLOR CARTER,2025-09-29 00:00:00,2025-09-25 00:00:00,,,,,2025-09-29 00:00:00,56,952,0,56,952,0,0,In CRC,In CRC- Expected to Advance/Ship,In CRC- Expected to Advance/Ship
455510,000120,ZWSO,W&S Sales Order,1016,INDEPENDENT - MIDATL,INDEPENDENT,10,INDEPENDENT,2223674,REPUBLIC NDC LLC - VA (ASHLAND),VA,MY FAVORITE NEIGHBOR,FERT,US59,CBUSO LODI DISTRIBUTION CENTER,PP,TAYLOR CARTER,2025-09-29 00:00:00,2025-09-25 00:00:00,,,,,2025-09-29 00:00:00,176,4136,0,176,4136,0,0,In CRC,In CRC- Expected to Advance/Ship,In CRC- Expected to Advance/Ship
455510,000080,ZWSO,W&S Sales Order,1016,INDEPENDENT - MIDATL,INDEPENDENT,10,INDEPENDENT,2223674,REPUBLIC NDC LLC - VA (ASHLAND),VA,ROBERT MONDAVI WINERY,FERT,US59,CBUSO LODI DISTRIBUTION CENTER,PP,TAYLOR CARTER,2025-09-29 00:00:00,2025-09-25 00:00:00,,,,,2025-09-29 00:00:00,22,946,0,22,946,0,0,In CRC,In CRC- Expected to Advance/Ship,In CRC- Expected to Advance/Ship
455510,000140,ZWSO,W&S Sales Order,1016,INDEPENDENT - MIDATL,INDEPENDENT,10,INDEPENDENT,2223674,REPUBLIC NDC LLC - VA (ASHLAND),VA,ROBERT MONDAVI WINERY,FERT,US59,CBUSO LODI DISTRIBUTION CENTER,PP,TAYLOR CARTER,2025-09-29 00:00:00,2025-09-25 00:00:00,,,,,2025-09-29 00:00:00,14,280,0,14,280,0,0,In CRC,In CRC- Expected to Advance/Ship,In CRC- Expected to Advance/Ship
455510,000150,ZWSO,W&S Sales Order,1016,INDEPENDENT - MIDATL,INDEPENDENT,10,INDEPENDENT,2223674,REPUBLIC NDC LLC - VA (ASHLAND),VA,ROBERT MONDAVI WINERY,FERT,US59,CBUSO LODI DISTRIBUTION CENTER,PP,TAYLOR CARTER,2025-09-29 00:00:00,2025-09-25 00:00:00,,,,,2025-09-29 00:00:00,66,660,0,66,660,0,0,In CRC,In CRC- Expected to Advance/Ship,In CRC- Expected to Advance/Ship
455510,000010,ZWSO,W&S Sales Order,1016,INDEPENDENT - MIDATL,INDEPENDENT,10,INDEPENDENT,2223674,REPUBLIC NDC LLC - VA (ASHLAND),VA,RUFFINO,FERT,US59,CBUSO LODI DISTRIBUTION CENTER,PP,TAYLOR CARTER,2025-09-29 00:00:00,2025-09-25 00:00:00,,,,,2025-09-29 00:00:00,20,79.78672,0,20,79.78672,0,0,In CRC,In CRC- Expected to Advance/Ship,In CRC- Expected to Advance/Ship
455510,000020,ZWSO,W&S Sales Order,1016,INDEPENDENT - MIDATL,INDEPENDENT,10,INDEPENDENT,2223674,REPUBLIC NDC LLC - VA (ASHLAND),VA,RUFFINO,FERT,US59,CBUSO LODI DISTRIBUTION CENTER,PP,TAYLOR CARTER,2025-09-29 00:00:00,2025-09-25 00:00:00,,,,,2025-09-29 00:00:00,30,119.68008,0,30,119.68008,0,0,In CRC,In CRC- Expected to Advance/Ship,In CRC- Expected to Advance/Ship
455510,000030,ZWSO,W&S Sales Order,1016,INDEPENDENT - MIDATL,INDEPENDENT,10,INDEPENDENT,2223674,REPUBLIC NDC LLC - VA (ASHLAND),VA,RUFFINO,FERT,US59,CBUSO LODI DISTRIBUTION CENTER,PP,TAYLOR CARTER,2025-09-29 00:00:00,2025-09-25 00:00:00,,,,,2025-09-29 00:00:00,70,279.25352,0,70,279.25352,0,0,In CRC,In CRC- Expected to Advance/Ship,In CRC- Expected to Advance/Ship
455510,000050,ZWSO,W&S Sales Order,1016,INDEPENDENT - MIDATL,INDEPENDENT,10,INDEPENDENT,2223674,REPUBLIC NDC LLC - VA (ASHLAND),VA,RUFFINO,FERT,US59,CBUSO LODI DISTRIBUTION CENTER,PP,TAYLOR CARTER,2025-09-29 00:00:00,2025-09-25 00:00:00,,,,,2025-09-29 00:00:00,22,176,0,22,176,0,0,In CRC,In CRC- Expected to Advance/Ship,In CRC- Expected to Advance/Ship
428212,000010,ZWSO,W&S Sales Order,1016,SGWS CENTRAL - CP,SGWS CENTRAL,10,SGWS,2224317,JOHNSON BROS - MN (MINNEAPOLIS),MN,MI CAMPO,FERT,US59,CBUSO LODI DISTRIBUTION CENTER,PP,BETH BRIDGMAN,2025-04-01 00:00:00,,2025-03-19 00:00:00,,,,2025-04-01 00:00:00,48,384.000192,48,48,384.000192,0,0,At warehouse,AT WHSE Still Expected to Schedule/Ship,AT WHSE Still Expected to Schedule/Ship
452002,000180,ZWSO,W&S Sales Order,1016,SGWS CENTRAL - CP,SGWS CENTRAL,10,SGWS,2225361,SGWS - MN (SHAKOPEE),MN,CASA NOBLE,FERT,US59,CBUSO LODI DISTRIBUTION CENTER,PPL,BETH BRIDGMAN,2025-09-15 00:00:00,,2025-09-22 00:00:00,,,,2025-09-15 00:00:00,29,942.5,29,29,942.5,0,0,At warehouse,AT WHSE Still Expected to Schedule/Ship,AT WHSE Still Expected to Schedule/Ship
452002,000050,ZWSO,W&S Sales Order,1016,SGWS CENTRAL - CP,SGWS CENTRAL,10,SGWS,2225361,SGWS - MN (SHAKOPEE),MN,DRYLANDS,FERT,US59,CBUSO LODI DISTRIBUTION CENTER,PPL,BETH BRIDGMAN,2025-09-15 00:00:00,,2025-09-22 00:00:00,,,,2025-09-15 00:00:00,88,1452,88,88,1452,0,0,At warehouse,AT WHSE Still Expected to Schedule/Ship,AT WHSE Still Expected to Schedule/Ship
454175,000020,ZWSO,W&S Sales Order,1016,SGWS CENTRAL - CP,SGWS CENTRAL,10,SGWS,2225361,SGWS - MN (SHAKOPEE),MN,DRYLANDS,FERT,US59,CBUSO LODI DISTRIBUTION CENTER,PPL,BETH BRIDGMAN,2025-09-29 00:00:00,,2025-09-22 00:00:00,,,,2025-09-29 00:00:00,176,2904,176,176,2904,0,0,At warehouse,AT WHSE Still Expected to Schedule/Ship,AT WHSE Still Expected to Schedule/Ship
452002,000030,ZWSO,W&S Sales Order,1016,SGWS CENTRAL - CP,SGWS CENTRAL,10,SGWS,2225361,SGWS - MN (SHAKOPEE),MN,HIGH WEST,FERT,US59,CBUSO LODI DISTRIBUTION CENTER,PPL,BETH BRIDGMAN,2025-09-15 00:00:00,,2025-09-22 00:00:00,,,,2025-09-15 00:00:00,28,2058,28,28,2058,0,0,At warehouse,AT WHSE Still Expected to Schedule/Ship,AT WHSE Still Expected to Schedule/Ship
452002,000170,ZWSO,W&S Sales Order,1016,SGWS CENTRAL - CP,SGWS CENTRAL,10,SGWS,2225361,SGWS - MN (SHAKOPEE),MN,HIGH WEST,FERT,US59,CBUSO LODI DISTRIBUTION CENTER,PPL,BETH BRIDGMAN,2025-09-15 00:00:00,,2025-09-22 00:00:00,,,,2025-09-15 00:00:00,120,1740,120,120,1740,0,0,At warehouse,AT WHSE Still Expected to Schedule/Ship,AT WHSE Still Expected to Schedule/Ship
454175,000110,ZWSO,W&S Sales Order,1016,SGWS CENTRAL - CP,SGWS CENTRAL,10,SGWS,2225361,SGWS - MN (SHAKOPEE),MN,HIGH WEST,FERT,US59,CBUSO LODI DISTRIBUTION CENTER,PPL,BETH BRIDGMAN,2025-09-29 00:00:00,,2025-09-22 00:00:00,,,,2025-09-29 00:00:00,20,290,20,20,290,0,0,At warehouse,AT WHSE Still Expected to Schedule/Ship,AT WHSE Still Expected to Schedule/Ship
452002,000010,ZWSO,W&S Sales Order,1016,SGWS CENTRAL - CP,SGWS CENTRAL,10,SGWS,2225361,SGWS - MN (SHAKOPEE),MN,KIM CRAWFORD,FERT,US59,CBUSO LODI DISTRIBUTION CENTER,PPL,BETH BRIDGMAN,2025-09-15 00:00:00,,2025-09-22 00:00:00,,,,2025-09-15 00:00:00,18,171,18,18,171,0,0,At warehouse,AT WHSE Still Expected to Schedule/Ship,AT WHSE Still Expected to Schedule/Ship
452002,000040,ZWSO,W&S Sales Order,1016,SGWS CENTRAL - CP,SGWS CENTRAL,10,SGWS,2225361,SGWS - MN (SHAKOPEE),MN,KIM CRAWFORD,FERT,US59,CBUSO LODI DISTRIBUTION CENTER,PPL,BETH BRIDGMAN,2025-09-15 00:00:00,,2025-09-22 00:00:00,,,,2025-09-15 00:00:00,50,1050,50,50,1050,0,0,At warehouse,AT WHSE Still Expected to Schedule/Ship,AT WHSE Still Expected to Schedule/Ship
452002,000070,ZWSO,W&S Sales Order,1016,SGWS CENTRAL - CP,SGWS CENTRAL,10,SGWS,2225361,SGWS - MN (SHAKOPEE),MN,KIM CRAWFORD,FERT,US59,CBUSO LODI DISTRIBUTION CENTER,PPL,BETH BRIDGMAN,2025-09-15 00:00:00,,2025-09-22 00:00:00,,,,2025-09-15 00:00:00,42,798,42,42,798,0,0,At warehouse,AT WHSE Still Expected to Schedule/Ship,AT WHSE Still Expected to Schedule/Ship
452002,000120,ZWSO,W&S Sales Order,1016,SGWS CENTRAL - CP,SGWS CENTRAL,10,SGWS,2225361,SGWS - MN (SHAKOPEE),MN,KIM CRAWFORD,FERT,US59,CBUSO LODI DISTRIBUTION CENTER,PPL,BETH BRIDGMAN,2025-09-15 00:00:00,,2025-09-22 00:00:00,,,,2025-09-15 00:00:00,154,2926,154,154,2926,0,0,At warehouse,AT WHSE Still Expected to Schedule/Ship,AT WHSE Still Expected to Schedule/Ship
452002,000260,ZWSO,W&S Sales Order,1016,SGWS CENTRAL - CP,SGWS CENTRAL,10,SGWS,2225361,SGWS - MN (SHAKOPEE),MN,KIM CRAWFORD,FERT,US59,CBUSO LODI DISTRIBUTION CENTER,PPL,BETH BRIDGMAN,2025-09-15 00:00:00,,2025-09-22 00:00:00,,,,2025-09-15 00:00:00,10,190,10,10,190,0,0,At warehouse,AT WHSE Still Expected to Schedule/Ship,AT WHSE Still Expected to Schedule/Ship
454175,000050,ZWSO,W&S Sales Order,1016,SGWS CENTRAL - CP,SGWS CENTRAL,10,SGWS,2225361,SGWS - MN (SHAKOPEE),MN,KIM CRAWFORD,FERT,US59,CBUSO LODI DISTRIBUTION CENTER,PPL,BETH BRIDGMAN,2025-09-29 00:00:00,,2025-09-22 00:00:00,,,,2025-09-29 00:00:00,56,1064,56,56,1064,0,0,At warehouse,AT WHSE Still Expected to Schedule/Ship,AT WHSE Still Expected to Schedule/Ship
452002,000110,ZWSO,W&S Sales Order,1016,SGWS CENTRAL - CP,SGWS CENTRAL,10,SGWS,2225361,SGWS - MN (SHAKOPEE),MN,LINGUA FRANCA,FERT,US59,CBUSO LODI DISTRIBUTION CENTER,PPL,BETH BRIDGMAN,2025-09-15 00:00:00,,2025-09-22 00:00:00,,,,2025-09-15 00:00:00,14,378,14,14,378,0,0,At warehouse,AT WHSE Still Expected to Schedule/Ship,AT WHSE Still Expected to Schedule/Ship
452002,000130,ZWSO,W&S Sales Order,1016,SGWS CENTRAL - CP,SGWS CENTRAL,10,SGWS,2225361,SGWS - MN (SHAKOPEE),MN,MI CAMPO,FERT,US59,CBUSO LODI DISTRIBUTION CENTER,PPL,BETH BRIDGMAN,2025-09-15 00:00:00,,2025-09-22 00:00:00,,,,2025-09-15 00:00:00,60,360,60,60,360,0,0,At warehouse,AT WHSE Still Expected to Schedule/Ship,AT WHSE Still Expected to Schedule/Ship
452002,000140,ZWSO,W&S Sales Order,1016,SGWS CENTRAL - CP,SGWS CENTRAL,10,SGWS,2225361,SGWS - MN (SHAKOPEE),MN,MI CAMPO,FERT,US59,CBUSO LODI DISTRIBUTION CENTER,PPL,BETH BRIDGMAN,2025-09-15 00:00:00,,2025-09-22 00:00:00,,,,2025-09-15 00:00:00,48,912,48,48,912,0,0,At warehouse,AT WHSE Still Expected to Schedule/Ship,AT WHSE Still Expected to Schedule/Ship
452002,000150,ZWSO,W&S Sales Order,1016,SGWS CENTRAL - CP,SGWS CENTRAL,10,SGWS,2225361,SGWS - MN (SHAKOPEE),MN,MI CAMPO,FERT,US59,CBUSO LODI DISTRIBUTION CENTER,PPL,BETH BRIDGMAN,2025-09-15 00:00:00,,2025-09-22 00:00:00,,,,2025-09-15 00:00:00,160,1280.00064,160,160,1280.00064,0,0,At warehouse,AT WHSE Still Expected to Schedule/Ship,AT WHSE Still Expected to Schedule/Ship
452002,000160,ZWSO,W&S Sales Order,1016,SGWS CENTRAL - CP,SGWS CENTRAL,10,SGWS,2225361,SGWS - MN (SHAKOPEE),MN,MI CAMPO,FERT,US59,CBUSO LODI DISTRIBUTION CENTER,PPL,BETH BRIDGMAN,2025-09-15 00:00:00,,2025-09-22 00:00:00,,,,2025-09-15 00:00:00,48,576,48,48,576,0,0,At warehouse,AT WHSE Still Expected to Schedule/Ship,AT WHSE Still Expected to Schedule/Ship
452002,000220,ZWSO,W&S Sales Order,1016,SGWS CENTRAL - CP,SGWS CENTRAL,10,SGWS,2225361,SGWS - MN (SHAKOPEE),MN,MI CAMPO,FERT,US59,CBUSO LODI DISTRIBUTION CENTER,PPL,BETH BRIDGMAN,2025-09-15 00:00:00,,2025-09-22 00:00:00,,,,2025-09-15 00:00:00,11,104.5,11,11,104.5,0,0,At warehouse,AT WHSE Still Expected to Schedule/Ship,AT WHSE Still Expected to Schedule/Ship
452002,000230,ZWSO,W&S Sales Order,1016,SGWS CENTRAL - CP,SGWS CENTRAL,10,SGWS,2225361,SGWS - MN (SHAKOPEE),MN,MI CAMPO,FERT,US59,CBUSO LODI DISTRIBUTION CENTER,PPL,BETH BRIDGMAN,2025-09-15 00:00:00,,2025-09-22 00:00:00,,,,2025-09-15 00:00:00,26,288.166502,26,26,288.166502,0,0,At warehouse,AT WHSE Still Expected to Schedule/Ship,AT WHSE Still Expected to Schedule/Ship
452002,000250,ZWSO,W&S Sales Order,1016,SGWS CENTRAL - CP,SGWS CENTRAL,10,SGWS,2225361,SGWS - MN (SHAKOPEE),MN,MI CAMPO,FERT,US59,CBUSO LODI DISTRIBUTION CENTER,PPL,BETH BRIDGMAN,2025-09-15 00:00:00,,2025-09-22 00:00:00,,,,2025-09-15 00:00:00,48,912,48,48,912,0,0,At warehouse,AT WHSE Still Expected to Schedule/Ship,AT WHSE Still Expected to Schedule/Ship
452002,000280,ZWSO,W&S Sales Order,1016,SGWS CENTRAL - CP,SGWS CENTRAL,10,SGWS,2225361,SGWS - MN (SHAKOPEE),MN,MI CAMPO,FERT,US59,CBUSO LODI DISTRIBUTION CENTER,PPL,BETH BRIDGMAN,2025-09-15 00:00:00,,2025-09-22 00:00:00,,,,2025-09-15 00:00:00,48,576,48,48,576,0,0,At warehouse,AT WHSE Still Expected to Schedule/Ship,AT WHSE Still Expected to Schedule/Ship
454175,000030,ZWSO,W&S Sales Order,1016,SGWS CENTRAL - CP,SGWS CENTRAL,10,SGWS,2225361,SGWS - MN (SHAKOPEE),MN,MI CAMPO,FERT,US59,CBUSO LODI DISTRIBUTION CENTER,PPL,BETH BRIDGMAN,2025-09-29 00:00:00,,2025-09-22 00:00:00,,,,2025-09-29 00:00:00,78,864.499506,78,78,864.499506,0,0,At warehouse,AT WHSE Still Expected to Schedule/Ship,AT WHSE Still Expected to Schedule/Ship
454175,000060,ZWSO,W&S Sales Order,1016,SGWS CENTRAL - CP,SGWS CENTRAL,10,SGWS,2225361,SGWS - MN (SHAKOPEE),MN,MI CAMPO,FERT,US59,CBUSO LODI DISTRIBUTION CENTER,PPL,BETH BRIDGMAN,2025-09-29 00:00:00,,2025-09-22 00:00:00,,,,2025-09-29 00:00:00,44,264,44,44,264,0,0,At warehouse,AT WHSE Still Expected to Schedule/Ship,AT WHSE Still Expected to Schedule/Ship
454175,000070,ZWSO,W&S Sales Order,1016,SGWS CENTRAL - CP,SGWS CENTRAL,10,SGWS,2225361,SGWS - MN (SHAKOPEE),MN,MI CAMPO,FERT,US59,CBUSO LODI DISTRIBUTION CENTER,PPL,BETH BRIDGMAN,2025-09-29 00:00:00,,2025-09-22 00:00:00,,,,2025-09-29 00:00:00,72,1368,72,72,1368,0,0,At warehouse,AT WHSE Still Expected to Schedule/Ship,AT WHSE Still Expected to Schedule/Ship
454175,000080,ZWSO,W&S Sales Order,1016,SGWS CENTRAL - CP,SGWS CENTRAL,10,SGWS,2225361,SGWS - MN (SHAKOPEE),MN,MI CAMPO,FERT,US59,CBUSO LODI DISTRIBUTION CENTER,PPL,BETH BRIDGMAN,2025-09-29 00:00:00,,2025-09-22 00:00:00,,,,2025-09-29 00:00:00,480,3840.00192,480,480,3840.00192,0,0,At warehouse,AT WHSE Still Expected to Schedule/Ship,AT WHSE Still Expected to Schedule/Ship
454175,000090,ZWSO,W&S Sales Order,1016,SGWS CENTRAL - CP,SGWS CENTRAL,10,SGWS,2225361,SGWS - MN (SHAKOPEE),MN,MI CAMPO,FERT,US59,CBUSO LODI DISTRIBUTION CENTER,PPL,BETH BRIDGMAN,2025-09-29 00:00:00,,2025-09-22 00:00:00,,,,2025-09-29 00:00:00,16,202.666768,16,16,202.666768,0,0,At warehouse,AT WHSE Still Expected to Schedule/Ship,AT WHSE Still Expected to Schedule/Ship
454175,000100,ZWSO,W&S Sales Order,1016,SGWS CENTRAL - CP,SGWS CENTRAL,10,SGWS,2225361,SGWS - MN (SHAKOPEE),MN,MI CAMPO,FERT,US59,CBUSO LODI DISTRIBUTION CENTER,PPL,BETH BRIDGMAN,2025-09-29 00:00:00,,2025-09-22 00:00:00,,,,2025-09-29 00:00:00,96,1152,96,96,1152,0,0,At warehouse,AT WHSE Still Expected to Schedule/Ship,AT WHSE Still Expected to Schedule/Ship
454175,000180,ZWSO,W&S Sales Order,1016,SGWS CENTRAL - CP,SGWS CENTRAL,10,SGWS,2225361,SGWS - MN (SHAKOPEE),MN,MI CAMPO,FERT,US59,CBUSO LODI DISTRIBUTION CENTER,PPL,BETH BRIDGMAN,2025-09-29 00:00:00,,2025-09-22 00:00:00,,,,2025-09-29 00:00:00,78,545.999688,78,78,545.999688,0,0,At warehouse,AT WHSE Still Expected to Schedule/Ship,AT WHSE Still Expected to Schedule/Ship
452002,000020,ZWSO,W&S Sales Order,1016,SGWS CENTRAL - CP,SGWS CENTRAL,10,SGWS,2225361,SGWS - MN (SHAKOPEE),MN,RUFFINO,FERT,US59,CBUSO LODI DISTRIBUTION CENTER,PPL,BETH BRIDGMAN,2025-09-15 00:00:00,,2025-09-22 00:00:00,,,,2025-09-15 00:00:00,99,891,99,99,891,0,0,At warehouse,AT WHSE Still Expected to Schedule/Ship,AT WHSE Still Expected to Schedule/Ship
452002,000060,ZWSO,W&S Sales Order,1016,SGWS CENTRAL - CP,SGWS CENTRAL,10,SGWS,2225361,SGWS - MN (SHAKOPEE),MN,RUFFINO,FERT,US59,CBUSO LODI DISTRIBUTION CENTER,PPL,BETH BRIDGMAN,2025-09-15 00:00:00,,2025-09-22 00:00:00,,,,2025-09-15 00:00:00,14,462,14,14,462,0,0,At warehouse,AT WHSE Still Expected to Schedule/Ship,AT WHSE Still Expected to Schedule/Ship
452002,000080,ZWSO,W&S Sales Order,1016,SGWS CENTRAL - CP,SGWS CENTRAL,10,SGWS,2225361,SGWS - MN (SHAKOPEE),MN,RUFFINO,FERT,US59,CBUSO LODI DISTRIBUTION CENTER,PPL,BETH BRIDGMAN,2025-09-15 00:00:00,,2025-09-22 00:00:00,,,,2025-09-15 00:00:00,14,126,14,14,126,0,0,At warehouse,AT WHSE Still Expected to Schedule/Ship,AT WHSE Still Expected to Schedule/Ship
452002,000090,ZWSO,W&S Sales Order,1016,SGWS CENTRAL - CP,SGWS CENTRAL,10,SGWS,2225361,SGWS - MN (SHAKOPEE),MN,RUFFINO,FERT,US59,CBUSO LODI DISTRIBUTION CENTER,PPL,BETH BRIDGMAN,2025-09-15 00:00:00,,2025-09-22 00:00:00,,,,2025-09-15 00:00:00,28,252,28,28,252,0,0,At warehouse,AT WHSE Still Expected to Schedule/Ship,AT WHSE Still Expected to Schedule/Ship
452002,000100,ZWSO,W&S Sales Order,1016,SGWS CENTRAL - CP,SGWS CENTRAL,10,SGWS,2225361,SGWS - MN (SHAKOPEE),MN,RUFFINO,FERT,US59,CBUSO LODI DISTRIBUTION CENTER,PPL,BETH BRIDGMAN,2025-09-15 00:00:00,,2025-09-22 00:00:00,,,,2025-09-15 00:00:00,13,117,13,13,117,0,0,At warehouse,AT WHSE Still Expected to Schedule/Ship,AT WHSE Still Expected to Schedule/Ship
452002,000270,ZWSO,W&S Sales Order,1016,SGWS CENTRAL - CP,SGWS CENTRAL,10,SGWS,2225361,SGWS - MN (SHAKOPEE),MN,RUFFINO,FERT,US59,CBUSO LODI DISTRIBUTION CENTER,PPL,BETH BRIDGMAN,2025-09-15 00:00:00,,2025-09-22 00:00:00,,,,2025-09-15 00:00:00,14,126,14,14,126,0,0,At warehouse,AT WHSE Still Expected to Schedule/Ship,AT WHSE Still Expected to Schedule/Ship
454175,000010,ZWSO,W&S Sales Order,1016,SGWS CENTRAL - CP,SGWS CENTRAL,10,SGWS,2225361,SGWS - MN (SHAKOPEE),MN,RUFFINO,FERT,US59,CBUSO LODI DISTRIBUTION CENTER,PPL,BETH BRIDGMAN,2025-09-29 00:00:00,,2025-09-22 00:00:00,,,,2025-09-29 00:00:00,154,1386,154,154,1386,0,0,At warehouse,AT WHSE Still Expected to Schedule/Ship,AT WHSE Still Expected to Schedule/Ship
454175,000040,ZWSO,W&S Sales Order,1016,SGWS CENTRAL - CP,SGWS CENTRAL,10,SGWS,2225361,SGWS - MN (SHAKOPEE),MN,RUFFINO,FERT,US59,CBUSO LODI DISTRIBUTION CENTER,PPL,BETH BRIDGMAN,2025-09-29 00:00:00,,2025-09-22 00:00:00,,,,2025-09-29 00:00:00,14,126,14,14,126,0,0,At warehouse,AT WHSE Still Expected to Schedule/Ship,AT WHSE Still Expected to Schedule/Ship
452002,000210,ZWSO,W&S Sales Order,1016,SGWS CENTRAL - CP,SGWS CENTRAL,10,SGWS,2225361,SGWS - MN (SHAKOPEE),MN,SALDO,FERT,US59,CBUSO LODI DISTRIBUTION CENTER,PPL,BETH BRIDGMAN,2025-09-15 00:00:00,,2025-09-22 00:00:00,,,,2025-09-15 00:00:00,14,434,14,14,434,0,0,At warehouse,AT WHSE Still Expected to Schedule/Ship,AT WHSE Still Expected to Schedule/Ship
452002,000240,ZWSO,W&S Sales Order,1016,SGWS CENTRAL - CP,SGWS CENTRAL,10,SGWS,2225361,SGWS - MN (SHAKOPEE),MN,SALDO,FERT,US59,CBUSO LODI DISTRIBUTION CENTER,PPL,BETH BRIDGMAN,2025-09-15 00:00:00,,2025-09-22 00:00:00,,,,2025-09-15 00:00:00,14,434,14,14,434,0,0,At warehouse,AT WHSE Still Expected to Schedule/Ship,AT WHSE Still Expected to Schedule/Ship
454176,000020,ZWSO,W&S Sales Order,1016,SGWS CENTRAL - CP,SGWS CENTRAL,10,SGWS,2000050031,SGWS - ND (SHAKOPEE),MN,HIGH WEST,FERT,US59,CBUSO LODI DISTRIBUTION CENTER,PPL,BETH BRIDGMAN,2025-09-29 00:00:00,,2025-09-22 00:00:00,,,,2025-09-29 00:00:00,28,518,28,28,518,0,0,At warehouse,AT WHSE Still Expected to Schedule/Ship,AT WHSE Still Expected to Schedule/Ship
452003,000080,ZWSO,W&S Sales Order,1016,SGWS CENTRAL - CP,SGWS CENTRAL,10,SGWS,2000050031,SGWS - ND (SHAKOPEE),MN,KIM CRAWFORD,FERT,US59,CBUSO LODI DISTRIBUTION CENTER,PPL,BETH BRIDGMAN,2025-09-15 00:00:00,,2025-09-22 00:00:00,,,,2025-09-15 00:00:00,56,952,56,56,952,0,0,At warehouse,AT WHSE Still Expected to Schedule/Ship,AT WHSE Still Expected to Schedule/Ship
454176,000040,ZWSO,W&S Sales Order,1016,SGWS CENTRAL - CP,SGWS CENTRAL,10,SGWS,2000050031,SGWS - ND (SHAKOPEE),MN,KIM CRAWFORD,FERT,US59,CBUSO LODI DISTRIBUTION CENTER,PPL,BETH BRIDGMAN,2025-09-29 00:00:00,,2025-09-22 00:00:00,,,,2025-09-29 00:00:00,42,714,42,42,714,0,0,At warehouse,AT WHSE Still Expected to Schedule/Ship,AT WHSE Still Expected to Schedule/Ship
452003,000010,ZWSO,W&S Sales Order,1016,SGWS CENTRAL - CP,SGWS CENTRAL,10,SGWS,2000050031,SGWS - ND (SHAKOPEE),MN,MI CAMPO,FERT,US59,CBUSO LODI DISTRIBUTION CENTER,PPL,BETH BRIDGMAN,2025-09-15 00:00:00,,2025-09-22 00:00:00,,,,2025-09-15 00:00:00,12,78,12,12,78,0,0,At warehouse,AT WHSE Still Expected to Schedule/Ship,AT WHSE Still Expected to Schedule/Ship
452003,000020,ZWSO,W&S Sales Order,1016,SGWS CENTRAL - CP,SGWS CENTRAL,10,SGWS,2000050031,SGWS - ND (SHAKOPEE),MN,MI CAMPO,FERT,US59,CBUSO LODI DISTRIBUTION CENTER,PPL,BETH BRIDGMAN,2025-09-15 00:00:00,,2025-09-22 00:00:00,,,,2025-09-15 00:00:00,8,104,8,8,104,0,0,At warehouse,AT WHSE Still Expected to Schedule/Ship,AT WHSE Still Expected to Schedule/Ship
452003,000070,ZWSO,W&S Sales Order,1016,SGWS CENTRAL - CP,SGWS CENTRAL,10,SGWS,2000050031,SGWS - ND (SHAKOPEE),MN,MI CAMPO,FERT,US59,CBUSO LODI DISTRIBUTION CENTER,PPL,BETH BRIDGMAN,2025-09-15 00:00:00,,2025-09-22 00:00:00,,,,2025-09-15 00:00:00,16,138.666736,16,16,138.666736,0,0,At warehouse,AT WHSE Still Expected to Schedule/Ship,AT WHSE Still Expected to Schedule/Ship
454176,000030,ZWSO,W&S Sales Order,1016,SGWS CENTRAL - CP,SGWS CENTRAL,10,SGWS,2000050031,SGWS - ND (SHAKOPEE),MN,MI CAMPO,FERT,US59,CBUSO LODI DISTRIBUTION CENTER,PPL,BETH BRIDGMAN,2025-09-29 00:00:00,,2025-09-22 00:00:00,,,,2025-09-29 00:00:00,12,78,12,12,78,0,0,At warehouse,AT WHSE Still Expected to Schedule/Ship,AT WHSE Still Expected to Schedule/Ship
454176,000050,ZWSO,W&S Sales Order,1016,SGWS CENTRAL - CP,SGWS CENTRAL,10,SGWS,2000050031,SGWS - ND (SHAKOPEE),MN,MI CAMPO,FERT,US59,CBUSO LODI DISTRIBUTION CENTER,PPL,BETH BRIDGMAN,2025-09-29 00:00:00,,2025-09-22 00:00:00,,,,2025-09-29 00:00:00,24,432,24,24,432,0,0,At warehouse,AT WHSE Still Expected to Schedule/Ship,AT WHSE Still Expected to Schedule/Ship
454176,000010,ZWSO,W&S Sales Order,1016,SGWS CENTRAL - CP,SGWS CENTRAL,10,SGWS,2000050031,SGWS - ND (SHAKOPEE),MN,RUFFINO,FERT,US59,CBUSO LODI DISTRIBUTION CENTER,PPL,BETH BRIDGMAN,2025-09-29 00:00:00,,2025-09-22 00:00:00,,,,2025-09-29 00:00:00,11,88,11,11,88,0,0,At warehouse,AT WHSE Still Expected to Schedule/Ship,AT WHSE Still Expected to Schedule/Ship
452001,000040,ZWSO,W&S Sales Order,1016,SGWS CENTRAL - CP,SGWS CENTRAL,10,SGWS,2000050033,SGWS - SD (SHAKOPEE),MN,MI CAMPO,FERT,US59,CBUSO LODI DISTRIBUTION CENTER,PPL,BETH BRIDGMAN,2025-09-15 00:00:00,,2025-09-22 00:00:00,,,,2025-09-15 00:00:00,12,78,12,12,78,0,0,At warehouse,AT WHSE Still Expected to Schedule/Ship,AT WHSE Still Expected to Schedule/Ship
452001,000050,ZWSO,W&S Sales Order,1016,SGWS CENTRAL - CP,SGWS CENTRAL,10,SGWS,2000050033,SGWS - SD (SHAKOPEE),MN,MI CAMPO,FERT,US59,CBUSO LODI DISTRIBUTION CENTER,PPL,BETH BRIDGMAN,2025-09-15 00:00:00,,2025-09-22 00:00:00,,,,2025-09-15 00:00:00,8,144,8,8,144,0,0,At warehouse,AT WHSE Still Expected to Schedule/Ship,AT WHSE Still Expected to Schedule/Ship
454174,000020,ZWSO,W&S Sales Order,1016,SGWS CENTRAL - CP,SGWS CENTRAL,10,SGWS,2000050033,SGWS - SD (SHAKOPEE),MN,MI CAMPO,FERT,US59,CBUSO LODI DISTRIBUTION CENTER,PPL,BETH BRIDGMAN,2025-09-29 00:00:00,,2025-09-22 00:00:00,,,,2025-09-29 00:00:00,12,78,12,12,78,0,0,At warehouse,AT WHSE Still Expected to Schedule/Ship,AT WHSE Still Expected to Schedule/Ship
452001,000030,ZWSO,W&S Sales Order,1016,SGWS CENTRAL - CP,SGWS CENTRAL,10,SGWS,2000050033,SGWS - SD (SHAKOPEE),MN,RUFFINO,FERT,US59,CBUSO LODI DISTRIBUTION CENTER,PPL,BETH BRIDGMAN,2025-09-15 00:00:00,,2025-09-22 00:00:00,,,,2025-09-15 00:00:00,13,104,13,13,104,0,0,At warehouse,AT WHSE Still Expected to Schedule/Ship,AT WHSE Still Expected to Schedule/Ship
452001,000010,ZWSO,W&S Sales Order,1016,SGWS CENTRAL - CP,SGWS CENTRAL,10,SGWS,2000050033,SGWS - SD (SHAKOPEE),MN,UNSHACKLED,FERT,US59,CBUSO LODI DISTRIBUTION CENTER,PPL,BETH BRIDGMAN,2025-09-15 00:00:00,,2025-09-22 00:00:00,,,,2025-09-15 00:00:00,28,532,28,28,532,0,0,At warehouse,AT WHSE Still Expected to Schedule/Ship,AT WHSE Still Expected to Schedule/Ship
454174,000010,ZWSO,W&S Sales Order,1016,SGWS CENTRAL - CP,SGWS CENTRAL,10,SGWS,2000050033,SGWS - SD (SHAKOPEE),MN,UNSHACKLED,FERT,US59,CBUSO LODI DISTRIBUTION CENTER,PPL,BETH BRIDGMAN,2025-09-29 00:00:00,,2025-09-22 00:00:00,,,,2025-09-29 00:00:00,28,532,28,28,532,0,0,At warehouse,AT WHSE Still Expected to Schedule/Ship,AT WHSE Still Expected to Schedule/Ship
454005,000030,ZWSO,W&S Sales Order,1016,SGWS WEST - CA,SGWS WEST,10,SGWS,2222803,SGWS - CA (SCAL),CA,BLINDFOLD,FERT,US59,CBUSO LODI DISTRIBUTION CENTER,PP,SHEILA CROUSE,2025-09-23 00:00:00,,2025-09-10 00:00:00,,,,2025-09-23 00:00:00,28,672,28,28,672,0,0,At warehouse,AT WHSE Still Expected to Schedule/Ship,AT WHSE Still Expected to Schedule/Ship
454005,000050,ZWSO,W&S Sales Order,1016,SGWS WEST - CA,SGWS WEST,10,SGWS,2222803,SGWS - CA (SCAL),CA,HARVEY & HARRIET,FERT,US59,CBUSO LODI DISTRIBUTION CENTER,PP,SHEILA CROUSE,2025-09-23 00:00:00,,2025-09-10 00:00:00,,,,2025-09-23 00:00:00,168,3360,168,168,3360,0,0,At warehouse,AT WHSE Still Expected to Schedule/Ship,AT WHSE Still Expected to Schedule/Ship
454005,000090,ZWSO,W&S Sales Order,1016,SGWS WEST - CA,SGWS WEST,10,SGWS,2222803,SGWS - CA (SCAL),CA,HIGH WEST,FERT,US59,CBUSO LODI DISTRIBUTION CENTER,PP,SHEILA CROUSE,2025-09-23 00:00:00,,2025-09-10 00:00:00,,,,2025-09-23 00:00:00,60,1290,60,60,1290,0,0,At warehouse,AT WHSE Still Expected to Schedule/Ship,AT WHSE Still Expected to Schedule/Ship
453001,000010,ZWSO,W&S Sales Order,1016,SGWS WEST - CA,SGWS WEST,10,SGWS,2222803,SGWS - CA (SCAL),CA,HIGH WEST,FERT,US59,CBUSO LODI DISTRIBUTION CENTER,PPL,SHEILA CROUSE,2025-09-17 00:00:00,2025-09-16 00:00:00,,,,,2025-09-17 00:00:00,28,2058,0,28,2058,0,0,In CRC,In CRC- Expected to Advance/Ship,In CRC- Expected to Advance/Ship
450072,000010,ZWSO,W&S Sales Order,1016,SGWS WEST - CA,SGWS WEST,10,SGWS,2222803,SGWS - CA (SCAL),CA,HIGH WEST,FERT,US59,CBUSO LODI DISTRIBUTION CENTER,PPL,SHEILA CROUSE,2025-09-17 00:00:00,2025-09-25 00:00:00,,,,,2025-09-25 00:00:00,28,2058,0,28,2058,0,0,In CRC,In CRC- Expected to Advance/Ship,In CRC- Expected to Advance/Ship
450072,000020,ZWSO,W&S Sales Order,1016,SGWS WEST - CA,SGWS WEST,10,SGWS,2222803,SGWS - CA (SCAL),CA,HIGH WEST,FERT,US59,CBUSO LODI DISTRIBUTION CENTER,PPL,SHEILA CROUSE,2025-09-17 00:00:00,2025-09-25 00:00:00,,,,,2025-09-25 00:00:00,28,2058,0,28,2058,0,0,In CRC,In CRC- Expected to Advance/Ship,In CRC- Expected to Advance/Ship
454005,000010,ZWSO,W&S Sales Order,1016,SGWS WEST - CA,SGWS WEST,10,SGWS,2222803,SGWS - CA (SCAL),CA,KIM CRAWFORD,FERT,US59,CBUSO LODI DISTRIBUTION CENTER,PP,SHEILA CROUSE,2025-09-23 00:00:00,,2025-09-10 00:00:00,,,,2025-09-23 00:00:00,50,1100,50,50,1100,0,0,At warehouse,AT WHSE Still Expected to Schedule/Ship,AT WHSE Still Expected to Schedule/Ship
454005,000070,ZWSO,W&S Sales Order,1016,SGWS WEST - CA,SGWS WEST,10,SGWS,2222803,SGWS - CA (SCAL),CA,KIM CRAWFORD,FERT,US59,CBUSO LODI DISTRIBUTION CENTER,PP,SHEILA CROUSE,2025-09-23 00:00:00,,2025-09-10 00:00:00,,,,2025-09-23 00:00:00,56,1176,56,56,1176,0,0,At warehouse,AT WHSE Still Expected to Schedule/Ship,AT WHSE Still Expected to Schedule/Ship
454005,000080,ZWSO,W&S Sales Order,1016,SGWS WEST - CA,SGWS WEST,10,SGWS,2222803,SGWS - CA (SCAL),CA,KIM CRAWFORD,FERT,US59,CBUSO LODI DISTRIBUTION CENTER,PP,SHEILA CROUSE,2025-09-23 00:00:00,,2025-09-10 00:00:00,,,,2025-09-23 00:00:00,560,11760,560,560,11760,0,0,At warehouse,AT WHSE Still Expected to Schedule/Ship,AT WHSE Still Expected to Schedule/Ship
454005,000040,ZWSO,W&S Sales Order,1016,SGWS WEST - CA,SGWS WEST,10,SGWS,2222803,SGWS - CA (SCAL),CA,LINGUA FRANCA,FERT,US59,CBUSO LODI DISTRIBUTION CENTER,PP,SHEILA CROUSE,2025-09-23 00:00:00,,2025-09-10 00:00:00,,,,2025-09-23 00:00:00,28,1008,28,28,1008,0,0,At warehouse,AT WHSE Still Expected to Schedule/Ship,AT WHSE Still Expected to Schedule/Ship
454005,000020,ZWSO,W&S Sales Order,1016,SGWS WEST - CA,SGWS WEST,10,SGWS,2222803,SGWS - CA (SCAL),CA,MI CAMPO,FERT,US59,CBUSO LODI DISTRIBUTION CENTER,PP,SHEILA CROUSE,2025-09-23 00:00:00,,2025-09-10 00:00:00,,,,2025-09-23 00:00:00,400,1600,400,400,1600,0,0,At warehouse,AT WHSE Still Expected to Schedule/Ship,AT WHSE Still Expected to Schedule/Ship
454005,000060,ZWSO,W&S Sales Order,1016,SGWS WEST - CA,SGWS WEST,10,SGWS,2222803,SGWS - CA (SCAL),CA,RUFFINO,FERT,US59,CBUSO LODI DISTRIBUTION CENTER,PP,SHEILA CROUSE,2025-09-23 00:00:00,,2025-09-10 00:00:00,,,,2025-09-23 00:00:00,70,314.16021,70,70,314.16021,0,0,At warehouse,AT WHSE Still Expected to Schedule/Ship,AT WHSE Still Expected to Schedule/Ship
446592,000020,ZWSO,W&S Sales Order,1016,SGWS WEST - NW SW,SGWS WEST,10,SGWS,2223798,SGWS - HI (HONOLULU),HI,AUSTIN COCKTAILS,FERT,US59,CBUSO LODI DISTRIBUTION CENTER,FOB,KIT MEERDINK,2025-08-07 00:00:00,,2025-07-28 00:00:00,,,,2025-08-07 00:00:00,16,42.666688,16,16,42.666688,0,0,At warehouse,AT WHSE Still Expected to Schedule/Ship,AT WHSE Still Expected to Schedule/Ship
447308,000030,ZWSO,W&S Sales Order,1016,SGWS WEST - NW SW,SGWS WEST,10,SGWS,2223798,SGWS - HI (HONOLULU),HI,AUSTIN COCKTAILS,FERT,US59,CBUSO LODI DISTRIBUTION CENTER,FOB,KIT MEERDINK,2025-08-13 00:00:00,,2025-07-30 00:00:00,,,,2025-08-13 00:00:00,32,85.333376,32,32,85.333376,0,0,At warehouse,AT WHSE Still Expected to Schedule/Ship,AT WHSE Still Expected to Schedule/Ship
446592,000010,ZWSO,W&S Sales Order,1016,SGWS WEST - NW SW,SGWS WEST,10,SGWS,2223798,SGWS - HI (HONOLULU),HI,HIGH WEST,FERT,US59,CBUSO LODI DISTRIBUTION CENTER,FOB,KIT MEERDINK,2025-08-07 00:00:00,,2025-07-28 00:00:00,,,,2025-08-07 00:00:00,5,317.5,5,5,317.5,0,0,At warehouse,AT WHSE Still Expected to Schedule/Ship,AT WHSE Still Expected to Schedule/Ship
446592,000030,ZWSO,W&S Sales Order,1016,SGWS WEST - NW SW,SGWS WEST,10,SGWS,2223798,SGWS - HI (HONOLULU),HI,HIGH WEST,FERT,US59,CBUSO LODI DISTRIBUTION CENTER,FOB,KIT MEERDINK,2025-08-07 00:00:00,,2025-07-28 00:00:00,,,,2025-08-07 00:00:00,16,256,16,16,256,0,0,At warehouse,AT WHSE Still Expected to Schedule/Ship,AT WHSE Still Expected to Schedule/Ship
447308,000010,ZWSO,W&S Sales Order,1016,SGWS WEST - NW SW,SGWS WEST,10,SGWS,2223798,SGWS - HI (HONOLULU),HI,HIGH WEST,FERT,US59,CBUSO LODI DISTRIBUTION CENTER,FOB,KIT MEERDINK,2025-08-13 00:00:00,,2025-07-30 00:00:00,,,,2025-08-13 00:00:00,56,896,56,56,896,0,0,At warehouse,AT WHSE Still Expected to Schedule/Ship,AT WHSE Still Expected to Schedule/Ship
447308,000060,ZWSO,W&S Sales Order,1016,SGWS WEST - NW SW,SGWS WEST,10,SGWS,2223798,SGWS - HI (HONOLULU),HI,KIM CRAWFORD,FERT,US59,CBUSO LODI DISTRIBUTION CENTER,FOB,KIT MEERDINK,2025-08-13 00:00:00,,2025-07-30 00:00:00,,,,2025-08-13 00:00:00,20,320,20,20,320,0,0,At warehouse,AT WHSE Still Expected to Schedule/Ship,AT WHSE Still Expected to Schedule/Ship
447308,000120,ZWSO,W&S Sales Order,1016,SGWS WEST - NW SW,SGWS WEST,10,SGWS,2223798,SGWS - HI (HONOLULU),HI,KIM CRAWFORD,FERT,US59,CBUSO LODI DISTRIBUTION CENTER,FOB,KIT MEERDINK,2025-08-13 00:00:00,,2025-07-30 00:00:00,,,,2025-08-13 00:00:00,14,224,14,14,224,0,0,At warehouse,AT WHSE Still Expected to Schedule/Ship,AT WHSE Still Expected to Schedule/Ship
447308,000170,ZWSO,W&S Sales Order,1016,SGWS WEST - NW SW,SGWS WEST,10,SGWS,2223798,SGWS - HI (HONOLULU),HI,KIM CRAWFORD,FERT,US59,CBUSO LODI DISTRIBUTION CENTER,FOB,KIT MEERDINK,2025-08-13 00:00:00,,2025-07-30 00:00:00,,,,2025-08-13 00:00:00,56,896,56,56,896,0,0,At warehouse,AT WHSE Still Expected to Schedule/Ship,AT WHSE Still Expected to Schedule/Ship
452883,000010,ZWSO,W&S Sales Order,1016,SGWS WEST - NW SW,SGWS WEST,10,SGWS,2223798,SGWS - HI (HONOLULU),HI,MI CAMPO,FERT,US59,CBUSO LODI DISTRIBUTION CENTER,FOB,KIT MEERDINK,2025-09-16 00:00:00,,2025-09-03 00:00:00,,,,2025-09-16 00:00:00,56,112,56,56,112,0,0,At warehouse,AT WHSE Still Expected to Schedule/Ship,AT WHSE Still Expected to Schedule/Ship
452883,000020,ZWSO,W&S Sales Order,1016,SGWS WEST - NW SW,SGWS WEST,10,SGWS,2223798,SGWS - HI (HONOLULU),HI,MI CAMPO,FERT,US59,CBUSO LODI DISTRIBUTION CENTER,FOB,KIT MEERDINK,2025-09-16 00:00:00,,2025-09-03 00:00:00,,,,2025-09-16 00:00:00,88,880,88,88,880,0,0,At warehouse,AT WHSE Still Expected to Schedule/Ship,AT WHSE Still Expected to Schedule/Ship
447308,000110,ZWSO,W&S Sales Order,1016,SGWS WEST - NW SW,SGWS WEST,10,SGWS,2223798,SGWS - HI (HONOLULU),HI,MY FAVORITE NEIGHBOR,FERT,US59,CBUSO LODI DISTRIBUTION CENTER,FOB,KIT MEERDINK,2025-08-13 00:00:00,,2025-07-30 00:00:00,,,,2025-08-13 00:00:00,88,1980,88,88,1980,0,0,At warehouse,AT WHSE Still Expected to Schedule/Ship,AT WHSE Still Expected to Schedule/Ship
447308,000160,ZWSO,W&S Sales Order,1016,SGWS WEST - NW SW,SGWS WEST,10,SGWS,2223798,SGWS - HI (HONOLULU),HI,ROBERT MONDAVI WINERY,FERT,US59,CBUSO LODI DISTRIBUTION CENTER,FOB,KIT MEERDINK,2025-08-13 00:00:00,,2025-07-30 00:00:00,,,,2025-08-13 00:00:00,56,1344,56,56,1344,0,0,At warehouse,AT WHSE Still Expected to Schedule/Ship,AT WHSE Still Expected to Schedule/Ship
447308,000100,ZWSO,W&S Sales Order,1016,SGWS WEST - NW SW,SGWS WEST,10,SGWS,2223798,SGWS - HI (HONOLULU),HI,RUFFINO,FERT,US59,CBUSO LODI DISTRIBUTION CENTER,FOB,KIT MEERDINK,2025-08-13 00:00:00,,2025-07-30 00:00:00,,,,2025-08-13 00:00:00,56,1792,56,56,1792,0,0,At warehouse,AT WHSE Still Expected to Schedule/Ship,AT WHSE Still Expected to Schedule/Ship
447308,000130,ZWSO,W&S Sales Order,1016,SGWS WEST - NW SW,SGWS WEST,10,SGWS,2223798,SGWS - HI (HONOLULU),HI,RUFFINO,FERT,US59,CBUSO LODI DISTRIBUTION CENTER,FOB,KIT MEERDINK,2025-08-13 00:00:00,,2025-07-30 00:00:00,,,,2025-08-13 00:00:00,14,70,14,14,70,0,0,At warehouse,AT WHSE Still Expected to Schedule/Ship,AT WHSE Still Expected to Schedule/Ship
447308,000140,ZWSO,W&S Sales Order,1016,SGWS WEST - NW SW,SGWS WEST,10,SGWS,2223798,SGWS - HI (HONOLULU),HI,RUFFINO,FERT,US59,CBUSO LODI DISTRIBUTION CENTER,FOB,KIT MEERDINK,2025-08-13 00:00:00,,2025-07-30 00:00:00,,,,2025-08-13 00:00:00,32,32,32,32,32,0,0,At warehouse,AT WHSE Still Expected to Schedule/Ship,AT WHSE Still Expected to Schedule/Ship
447308,000020,ZWSO,W&S Sales Order,1016,SGWS WEST - NW SW,SGWS WEST,10,SGWS,2223798,SGWS - HI (HONOLULU),HI,SALDO,FERT,US59,CBUSO LODI DISTRIBUTION CENTER,FOB,KIT MEERDINK,2025-08-13 00:00:00,,2025-07-30 00:00:00,,,,2025-08-13 00:00:00,14,378,14,14,378,0,0,At warehouse,AT WHSE Still Expected to Schedule/Ship,AT WHSE Still Expected to Schedule/Ship
453379,000030,ZWSO,W&S Sales Order,1016,SGWS WEST - NW SW,SGWS WEST,10,SGWS,2223798,SGWS - HI (HONOLULU),HI,SALDO,FERT,US59,CBUSO LODI DISTRIBUTION CENTER,FOB,KIT MEERDINK,2025-09-19 00:00:00,,2025-09-09 00:00:00,,,,2025-09-19 00:00:00,126,3402,126,126,3402,0,0,At warehouse,AT WHSE Still Expected to Schedule/Ship,AT WHSE Still Expected to Schedule/Ship
447308,000040,ZWSO,W&S Sales Order,1016,SGWS WEST - NW SW,SGWS WEST,10,SGWS,2223798,SGWS - HI (HONOLULU),HI,THE PRISONER,FERT,US59,CBUSO LODI DISTRIBUTION CENTER,FOB,KIT MEERDINK,2025-08-13 00:00:00,,2025-07-30 00:00:00,,,,2025-08-13 00:00:00,11,484,11,11,484,0,0,At warehouse,AT WHSE Still Expected to Schedule/Ship,AT WHSE Still Expected to Schedule/Ship
447308,000050,ZWSO,W&S Sales Order,1016,SGWS WEST - NW SW,SGWS WEST,10,SGWS,2223798,SGWS - HI (HONOLULU),HI,THE PRISONER,FERT,US59,CBUSO LODI DISTRIBUTION CENTER,FOB,KIT MEERDINK,2025-08-13 00:00:00,,2025-07-30 00:00:00,,,,2025-08-13 00:00:00,44,968,44,44,968,0,0,At warehouse,AT WHSE Still Expected to Schedule/Ship,AT WHSE Still Expected to Schedule/Ship
447308,000070,ZWSO,W&S Sales Order,1016,SGWS WEST - NW SW,SGWS WEST,10,SGWS,2223798,SGWS - HI (HONOLULU),HI,THE PRISONER,FERT,US59,CBUSO LODI DISTRIBUTION CENTER,FOB,KIT MEERDINK,2025-08-13 00:00:00,,2025-07-30 00:00:00,,,,2025-08-13 00:00:00,280,14280,280,280,14280,0,0,At warehouse,AT WHSE Still Expected to Schedule/Ship,AT WHSE Still Expected to Schedule/Ship
447308,000090,ZWSO,W&S Sales Order,1016,SGWS WEST - NW SW,SGWS WEST,10,SGWS,2223798,SGWS - HI (HONOLULU),HI,THE PRISONER,FERT,US59,CBUSO LODI DISTRIBUTION CENTER,FOB,KIT MEERDINK,2025-08-13 00:00:00,,2025-07-30 00:00:00,,,,2025-08-13 00:00:00,42,2142,42,42,2142,0,0,At warehouse,AT WHSE Still Expected to Schedule/Ship,AT WHSE Still Expected to Schedule/Ship
453379,000020,ZWSO,W&S Sales Order,1016,SGWS WEST - NW SW,SGWS WEST,10,SGWS,2223798,SGWS - HI (HONOLULU),HI,THE PRISONER,FERT,US59,CBUSO LODI DISTRIBUTION CENTER,FOB,KIT MEERDINK,2025-09-19 00:00:00,,2025-09-09 00:00:00,,,,2025-09-19 00:00:00,22,484,22,22,484,0,0,At warehouse,AT WHSE Still Expected to Schedule/Ship,AT WHSE Still Expected to Schedule/Ship
447308,000080,ZWSO,W&S Sales Order,1016,SGWS WEST - NW SW,SGWS WEST,10,SGWS,2223798,SGWS - HI (HONOLULU),HI,UNSHACKLED,FERT,US59,CBUSO LODI DISTRIBUTION CENTER,FOB,KIT MEERDINK,2025-08-13 00:00:00,,2025-07-30 00:00:00,,,,2025-08-13 00:00:00,28,560,28,28,560,0,0,At warehouse,AT WHSE Still Expected to Schedule/Ship,AT WHSE Still Expected to Schedule/Ship
447308,000150,ZWSO,W&S Sales Order,1016,SGWS WEST - NW SW,SGWS WEST,10,SGWS,2223798,SGWS - HI (HONOLULU),HI,UNSHACKLED,FERT,US59,CBUSO LODI DISTRIBUTION CENTER,FOB,KIT MEERDINK,2025-08-13 00:00:00,,2025-07-30 00:00:00,,,,2025-08-13 00:00:00,392,7840,392,392,7840,0,0,At warehouse,AT WHSE Still Expected to Schedule/Ship,AT WHSE Still Expected to Schedule/Ship
